File,N.sentences,N.words,N.syllables,Words.Per.Sentence,Syllables.Per.Word,Grade.Score
13528.txt,46,944,1494,20.52173913043478,1.5826271186440677,10.883260869565216
11459.txt,45,815,1232,18.11111111111111,1.5116564417177913,9.129768234492161
4671.txt,35,337,491,9.628571428571428,1.456973293768546,5.261142009325987
6072.txt,42,401,577,9.547619047619047,1.4389027431421446,5.0171476071725465
10753.txt,46,714,1154,15.521739130434783,1.6162464985994398,9.379969553038606
2572.txt,46,559,801,12.152173913043478,1.4329159212880143,5.936233958155093
10035.txt,53,877,1285,16.547169811320753,1.4652223489167617,7.987548245519676
3863.txt,52,737,1126,14.173076923076923,1.5278154681139755,7.823991754514143
3877.txt,55,866,1404,15.745454545454546,1.6212471131639723,9.5239886626076
7152.txt,51,668,942,13.098039215686274,1.410179640718563,6.027374662439829
8249.txt,42,792,1253,18.857142857142858,1.582070707070707,10.24414862914863
10545.txt,49,519,780,10.591836734693878,1.5028901734104045,6.169002005426446
935.txt,49,426,548,8.693877551020408,1.2863849765258215,2.893016192392448
7608.txt,54,637,981,11.796296296296296,1.5400313971742543,7.064963079248795
11129.txt,44,825,1210,18.75,1.4666666666666666,8.841666666666665
3491.txt,41,685,987,16.70731707317073,1.4408759124087591,7.761116254228234
11868.txt,22,564,914,25.636363636363637,1.6205673758865249,13.274513217279178
12385.txt,41,749,1125,18.26829268292683,1.5020026702269693,9.075582728190433
5625.txt,42,703,945,16.738095238095237,1.3442389758179232,6.632496105127686
13662.txt,53,1015,1499,19.150943396226417,1.476847290640394,9.114156520122688
5143.txt,43,917,1541,21.325581395348838,1.6804798255179934,12.343382871344883
4249.txt,38,390,533,10.263157894736842,1.3666666666666667,4.436666666666671
1331.txt,52,937,1450,18.01923076923077,1.5474919957310567,9.517713241934164
3240.txt,48,918,1439,19.125,1.5675381263616557,10.174449891067535
10357.txt,51,636,947,12.470588235294118,1.4889937106918238,6.718949315575287
12554.txt,37,807,1344,21.81081081081081,1.6654275092936803,12.350152717773536
10343.txt,35,923,1567,26.37142857142857,1.6977248104008666,14.464295619873088
7797.txt,54,681,975,12.61111111111111,1.4317180616740088,6.096495349975527
7783.txt,52,953,1488,18.326923076923077,1.5613850996852046,9.798574945516187
2412.txt,43,838,1336,19.488372093023255,1.594272076372315,10.627991896542156
14455.txt,63,1326,2029,21.047619047619047,1.5301659125188536,10.464053005817714
12030.txt,27,252,375,9.333333333333334,1.4880952380952381,5.516190476190477
4077.txt,36,306,460,8.5,1.5032679738562091,5.3785620915032695
12959.txt,37,332,512,8.972972972972974,1.5421686746987953,6.017320091175513
10182.txt,51,861,1297,16.88235294117647,1.5063879210220674,8.600671585707456
10183.txt,56,1447,2216,25.839285714285715,1.5314443676572218,12.299972109783791
10801.txt,59,1543,2174,26.152542372881356,1.4089436163318212,10.973500774410407
5368.txt,49,807,1269,16.46938775510204,1.5724907063197027,9.22375768151127
13475.txt,33,794,1343,24.060606060606062,1.6914357682619647,13.51197236852149
13688.txt,32,376,534,11.75,1.4202127659574468,5.633510638297874
3282.txt,50,528,777,10.56,1.4715909090909092,5.787572727272728
11909.txt,61,894,1355,14.655737704918034,1.5156599552572707,7.86396779990465
4506.txt,48,802,1236,16.708333333333332,1.541147132169576,8.944702826267662
5618.txt,40,712,1121,17.8,1.574438202247191,9.752370786516856
9022.txt,41,485,679,11.829268292682928,1.4,5.425121951219513
7769.txt,46,707,1105,15.369565217391305,1.5629420084865628,8.693150482750138
1442.txt,51,656,940,12.862745098039216,1.4329268292682926,6.206379722620756
9195.txt,54,907,1372,16.796296296296298,1.5126791620727673,8.642206705051251
7806.txt,51,761,1098,14.92156862745098,1.442838370565046,7.105688851098915
9817.txt,33,244,344,7.393939393939394,1.4098360655737705,3.8557625434674634
10236.txt,45,915,1414,20.333333333333332,1.5453551912568306,10.37185792349727
6517.txt,62,1021,1588,16.467741935483872,1.555337904015671,9.02072920286879
11896.txt,47,712,1091,15.148936170212766,1.5323033707865168,8.247775519961749
11672.txt,57,720,1159,12.631578947368421,1.6097222222222223,8.204722222222223
1250.txt,55,597,865,10.854545454545455,1.4489112227805696,5.631879701537997
6098.txt,48,820,1222,17.083333333333332,1.4902439024390244,8.486544715447156
11470.txt,47,925,1417,19.680851063829788,1.5318918918918918,9.965047728579645
13265.txt,48,953,1374,19.854166666666668,1.441762854144806,8.967385012242044
7421.txt,41,1081,1726,26.365853658536587,1.5966697502312674,13.269727442972862
14250.txt,38,929,1455,24.44736842105263,1.566200215285253,12.181162540365985
12806.txt,49,774,1129,15.795918367346939,1.458656330749354,7.624593682434217
10787.txt,41,894,1340,21.804878048780488,1.4988814317673378,10.382654553391173
2029.txt,47,389,534,8.27659574468085,1.3727506426735219,3.7535639665262828
1252.txt,46,495,736,10.76086956521739,1.486868686868687,6.044180939833115
13715.txt,54,577,766,10.685185185185185,1.3275563258232235,4.1355350150844075
11664.txt,34,660,989,19.41176470588235,1.4984848484848485,9.468591800356506
5752.txt,60,658,996,10.966666666666667,1.513677811550152,6.438731509625125
12437.txt,36,309,426,8.583333333333334,1.3786407766990292,3.939627831715214
14046.txt,45,444,631,9.866666666666667,1.4211711711711712,4.929153153153155
7192.txt,57,651,871,11.421052631578947,1.337941628264209,4.537711213517664
8316.txt,55,631,913,11.472727272727273,1.4469096671949286,5.843170436536521
5632.txt,51,571,811,11.196078431372548,1.4203152364273204,5.42422959376395
1326.txt,57,890,1401,15.614035087719298,1.5741573033707865,8.918389513108615
11076.txt,43,664,976,15.44186046511628,1.4698795180722892,7.622485289997201
10354.txt,44,410,591,9.318181818181818,1.4414634146341463,4.960177383592015
8458.txt,50,782,1144,15.64,1.462915601023018,7.615604092071614
3727.txt,46,676,1035,14.695652173913043,1.5310650887573964,8.060915873424232
1642.txt,41,795,1316,19.390243902439025,1.6553459119496856,11.311374443933119
5342.txt,47,596,872,12.680851063829786,1.4630872483221478,6.493152934456663
7555.txt,46,959,1525,20.847826086956523,1.5901981230448383,11.096511764972572
498.txt,37,889,1420,24.027027027027028,1.5973003374578179,12.388414252272522
6111.txt,41,814,1344,19.853658536585368,1.651105651105651,11.437436926949122
6688.txt,42,452,667,10.761904761904763,1.4756637168141593,5.912355667930893
12966.txt,60,608,911,10.133333333333333,1.4983552631578947,5.941258771929824
10194.txt,29,668,1087,23.03448275862069,1.627245508982036,12.364600454263886
12973.txt,45,817,1348,18.155555555555555,1.649938800489596,10.778388956888346
13338.txt,52,535,761,10.288461538461538,1.422429906542056,5.104288281811648
7568.txt,30,635,958,21.166666666666668,1.5086614173228345,10.255538057742783
10143.txt,36,738,1152,20.5,1.5609756097560976,10.619512195121953
8129.txt,51,672,1008,13.176470588235293,1.5,7.117058823529415
9237.txt,51,865,1283,16.96078431372549,1.4832369942196533,8.357294571007596
8667.txt,55,534,790,9.709090909090909,1.4794007490636705,5.5563833844058585
3732.txt,49,620,906,12.653061224489797,1.461290322580645,6.461389071757733
4049.txt,45,695,1033,15.444444444444445,1.4863309352517986,7.817593924860116
5357.txt,46,897,1436,19.5,1.600891861761427,10.710523968784841
11936.txt,47,933,1347,19.851063829787233,1.4437299035369775,8.989417117055485
3295.txt,53,1144,2026,21.58490566037736,1.770979020979021,13.509816598495846
6306.txt,45,743,1151,16.511111111111113,1.5491251682368776,8.96389920741738
1327.txt,65,1294,2007,19.907692307692308,1.5510046367851622,10.276777790987992
13674.txt,46,956,1512,20.782608695652176,1.5815899581589958,10.97015281062398
1333.txt,44,419,551,9.522727272727273,1.3150357995226731,3.5460587980039087
9196.txt,59,750,1067,12.711864406779661,1.4226666666666667,6.027975141242937
13927.txt,30,431,647,14.366666666666667,1.5011600928074247,7.583022428460946
2941.txt,33,542,809,16.424242424242426,1.492619926199262,8.264127250363416
5948.txt,37,724,1096,19.56756756756757,1.5138121546961325,9.708659101090038
4465.txt,52,937,1447,18.01923076923077,1.544290288153682,9.47993309252114
11665.txt,38,318,413,8.368421052631579,1.29874213836478,2.9151572327044057
3336.txt,58,697,1043,12.017241379310345,1.4964131994261118,6.63422747736605
14292.txt,38,935,1473,24.605263157894736,1.5754010695187166,12.349732620320854
1904.txt,52,723,987,13.903846153846153,1.3651452282157677,5.802175231407595
4854.txt,60,822,1215,13.7,1.4781021897810218,7.057605839416059
10962.txt,29,446,705,15.379310344827585,1.5807174887892377,8.906604298747489
8908.txt,63,1127,1604,17.88888888888889,1.4232475598935226,8.002098984521346
2564.txt,77,1149,1796,14.922077922077921,1.5630983463881636,8.524950097769942
14245.txt,46,851,1225,18.5,1.4394829612220916,8.425898942420684
1079.txt,47,398,552,8.46808510638298,1.3869346733668342,3.993701486154176
11467.txt,43,879,1351,20.441860465116278,1.5369738339021615,10.314198216789691
7420.txt,40,693,1099,17.325,1.5858585858585859,9.706631313131314
3646.txt,27,252,328,9.333333333333334,1.3015873015873016,3.315396825396828
3134.txt,53,820,1257,15.471698113207546,1.5329268292682927,8.377781868384723
5545.txt,51,615,862,12.058823529411764,1.4016260162601626,5.531539933046389
10755.txt,26,560,934,21.53846153846154,1.667857142857143,12.275329670329672
10769.txt,25,653,1069,26.12,1.6370597243491578,13.652904747320061
5541.txt,44,522,802,11.863636363636363,1.5363984674329503,7.047683733890633
13260.txt,47,882,1411,18.76595744680851,1.5997732426303855,10.418388092825783
12618.txt,34,357,498,10.5,1.3949579831932772,4.860504201680673
13274.txt,67,680,968,10.149253731343284,1.423529411764706,5.0643634767339805
6935.txt,49,1107,1784,22.591836734693878,1.6115627822944896,12.011338790258652
8918.txt,57,845,1282,14.824561403508772,1.5171597633136096,7.945818540433926
6921.txt,46,399,518,8.673913043478262,1.2982456140350878,3.0253852021357766
14057.txt,50,911,1287,18.22,1.4127332601536773,8.003852469813392
11891.txt,49,819,1166,16.714285714285715,1.4236874236874237,7.5609401709401745
10225.txt,69,1397,2410,20.246376811594203,1.725125268432355,12.46010135590759
14043.txt,49,836,1142,17.06122448979592,1.3660287081339713,7.012404062103311
9179.txt,26,551,908,21.192307692307693,1.6479128856624319,11.908448973893623
2986.txt,38,348,459,9.157894736842104,1.3189655172413792,3.4537931034482767
3440.txt,60,634,867,10.566666666666666,1.3675078864353312,4.5619263932702445
7815.txt,55,852,1276,15.49090909090909,1.4976525821596245,7.968845924029026
8298.txt,47,751,1155,15.97872340425532,1.5379494007989347,8.629717823044455
11852.txt,52,961,1454,18.48076923076923,1.5130072840790842,9.286178259825501
13089.txt,34,825,1298,24.264705882352942,1.5733333333333333,12.195921568627451
714.txt,47,495,722,10.53191489361702,1.4585858585858587,5.623440790887603
4273.txt,39,881,1340,22.58974358974359,1.5209988649262203,10.941889170231967
7008.txt,35,732,1215,20.914285714285715,1.6598360655737705,11.943494145199065
10437.txt,61,619,925,10.147540983606557,1.494345718901454,5.89934505680765
11701.txt,51,938,1360,18.392156862745097,1.4498933901918976,8.50776161210753
13664.txt,50,822,1171,16.44,1.424574209245742,7.467175669099756
9794.txt,40,640,955,16.0,1.4921875,8.0978125
5810.txt,52,717,1070,13.788461538461538,1.492329149232915,7.259099345563779
10392.txt,48,425,676,8.854166666666666,1.5905882352941176,6.543524509803923
1486.txt,41,619,936,15.097560975609756,1.5121163166397416,7.990045707080661
9233.txt,55,1269,1892,23.072727272727274,1.4909377462568951,10.770701769467731
4071.txt,46,413,578,8.978260869565217,1.3995157384987893,4.336024844720498
12988.txt,55,660,909,12.0,1.3772727272727272,5.221818181818183
8893.txt,54,767,1211,14.203703703703704,1.5788787483702738,8.438176638176639
14335.txt,67,816,1252,12.17910447761194,1.5343137254901962,7.14296166227685
2372.txt,48,507,708,10.5625,1.3964497041420119,4.901856508875742
9227.txt,45,794,1213,17.644444444444446,1.5277078085642317,9.141841029946825
3722.txt,50,907,1325,18.14,1.4608599779492835,8.541347739801544
12962.txt,46,813,1343,17.67391304347826,1.6519065190651907,10.618583881490991
10813.txt,22,437,649,19.863636363636363,1.4851258581235698,9.482666944039941
8110.txt,52,555,797,10.673076923076923,1.436036036036036,5.410994455994459
11502.txt,54,1088,1656,20.14814814814815,1.5220588235294117,10.026590413943357
8676.txt,41,363,488,8.853658536585366,1.3443526170798898,3.6377511254451385
8886.txt,54,813,1153,15.055555555555555,1.4182041820418205,6.865920459204595
8138.txt,40,737,1164,18.425,1.5793758480325644,10.04813500678426
14452.txt,52,744,1083,14.307692307692308,1.4556451612903225,7.023535980148882
10620.txt,56,638,980,11.392857142857142,1.536050156739812,6.864677563815494
6101.txt,43,592,852,13.767441860465116,1.4391891891891893,6.62406033940918
1108.txt,35,753,1178,21.514285714285716,1.5644090305444887,11.04545513185354
8892.txt,47,1152,1778,24.51063829787234,1.5434027777777777,11.936195330969266
6667.txt,58,1042,1641,17.96551724137931,1.5748560460652592,9.820197895294196
5811.txt,42,1044,1634,24.857142857142858,1.5651340996168583,12.32429666119322
13665.txt,48,617,863,12.854166666666666,1.3987034035656403,5.799283495407888
8474.txt,43,666,1005,15.488372093023257,1.509009009009009,8.101887701655144
1478.txt,42,875,1502,20.833333333333332,1.7165714285714286,12.582209523809528
4266.txt,57,855,1306,15.0,1.527485380116959,8.134327485380116
12553.txt,42,408,607,9.714285714285714,1.4877450980392157,5.6568207282913185
2978.txt,48,568,781,11.833333333333334,1.375,5.131666666666668
13936.txt,63,799,1127,12.682539682539682,1.4105131414267835,5.873420148201124
729.txt,55,1155,1777,21.0,1.5385281385281386,10.544632034632038
11106.txt,58,701,1074,12.086206896551724,1.5320970042796005,7.081503271188943
12427.txt,56,861,1253,15.375,1.4552845528455285,7.42485772357724
11890.txt,49,597,800,12.183673469387756,1.340033500837521,4.852191228250096
1929.txt,48,722,1102,15.041666666666666,1.5263157894736843,8.13635964912281
271.txt,54,611,802,11.314814814814815,1.3126022913256956,4.198336667272837
12802.txt,51,1147,1710,22.49019607843137,1.4908456843940714,10.548253585653963
6908.txt,42,512,759,12.19047619047619,1.482421875,6.534959077380954
11304.txt,59,1296,2198,21.966101694915253,1.6959876543209877,12.769772965055456
11476.txt,36,611,924,16.97222222222222,1.5122749590834696,8.704288961629388
4886.txt,42,890,1322,21.19047619047619,1.4853932584269662,9.990021401819153
14526.txt,50,913,1365,18.26,1.4950711938663745,8.99064008762322
4676.txt,52,661,988,12.711538461538462,1.4947049924357034,6.87790352612592
9344.txt,28,586,915,20.928571428571427,1.5614334470989761,10.78777181862506
1718.txt,57,756,1240,13.263157894736842,1.6402116402116402,8.804497354497354
10756.txt,31,476,751,15.35483870967742,1.5777310924369747,8.862065600433723
11460.txt,37,830,1246,22.43243243243243,1.5012048192771084,10.648541191794205
3127.txt,59,730,1015,12.372881355932204,1.3904109589041096,5.518544230322732
5224.txt,47,809,1194,17.21276595744681,1.4758961681087763,8.366425847513348
13263.txt,49,728,1070,14.857142857142858,1.4697802197802199,7.399120879120883
529.txt,57,713,1044,12.508771929824562,1.4642356241234222,6.441313697989717
9387.txt,37,612,937,16.54054054054054,1.5310457516339868,8.76174527468645
11886.txt,62,626,882,10.096774193548388,1.4089456869009584,4.872333298979697
6513.txt,51,568,745,11.137254901960784,1.3116197183098592,4.119269538801436
8270.txt,60,984,1373,16.4,1.3953252032520325,7.106837398373983
7631.txt,42,384,500,9.142857142857142,1.3020833333333333,3.248869047619049
13707.txt,24,438,671,18.25,1.5319634703196348,9.422168949771692
13920.txt,42,968,1548,23.047619047619047,1.5991735537190082,12.038343171979538
11879.txt,46,404,503,8.782608695652174,1.245049504950495,2.4389754627636684
10434.txt,47,842,1364,17.914893617021278,1.6199524940617578,10.333099004396828
4258.txt,47,621,828,13.212765957446809,1.3333333333333333,5.1641843971631225
7037.txt,64,751,1159,11.734375,1.5432756324900132,7.0797149633821554
11064.txt,53,635,930,11.981132075471699,1.4645669291338583,6.244719952458773
8476.txt,28,733,1162,26.178571428571427,1.5852660300136425,13.063996297018125
9783.txt,46,775,1183,16.847826086956523,1.5264516129032257,8.824302945301543
887.txt,39,756,1120,19.384615384615383,1.4814814814814814,9.257635327635327
677.txt,31,881,1412,28.419354838709676,1.6027241770715097,14.121500128153496
10150.txt,45,738,1154,16.4,1.5636856368563685,9.093490514905149
3709.txt,47,923,1379,19.638297872340427,1.494041170097508,9.50223899863996
12035.txt,47,632,990,13.446808510638299,1.5664556962025316,8.003964449232427
14493.txt,52,841,1303,16.173076923076923,1.549346016646849,8.838052227202052
8847.txt,48,853,1304,17.770833333333332,1.5287221570926144,9.201838120359518
12790.txt,43,632,839,14.69767441860465,1.3275316455696202,5.659989696791289
10811.txt,50,639,927,12.78,1.4507042253521127,6.384709859154931
1687.txt,46,856,1445,18.608695652173914,1.6880841121495327,11.400696871190572
12974.txt,51,654,1052,12.823529411764707,1.6085626911314985,8.263980931822271
460.txt,54,451,652,8.351851851851851,1.4456762749445675,4.642683748049603
5392.txt,52,850,1430,16.346153846153847,1.6823529411764706,10.473303167420813
1686.txt,56,803,1340,14.339285714285714,1.6687422166874222,9.550086728340155
5386.txt,36,641,1040,17.805555555555557,1.6224648985959438,10.32119691454325
1862.txt,45,443,598,9.844444444444445,1.3498871331828441,4.079557060446451
10192.txt,35,600,876,17.142857142857142,1.46,8.152285714285714
7220.txt,44,958,1448,21.772727272727273,1.511482254697286,10.519126969064338
13464.txt,37,377,502,10.18918918918919,1.3315649867374004,3.99435873539322
1679.txt,54,910,1578,16.85185185185185,1.7340659340659341,11.275681725681725
10637.txt,46,413,549,8.978260869565217,1.3292978208232447,3.5074534161490725
11529.txt,48,641,930,13.354166666666666,1.4508580343213728,6.604708138325535
12593.txt,39,465,721,11.923076923076923,1.5505376344086022,7.237113316790737
3244.txt,42,684,1098,16.285714285714285,1.605263157894737,9.540676691729328
879.txt,69,1570,2358,22.753623188405797,1.5019108280254778,10.778924582294845
5153.txt,19,469,752,24.68421052631579,1.603411513859275,12.710255863539448
8305.txt,47,904,1413,19.23404255319149,1.5630530973451326,10.162962718885336
11717.txt,42,890,1422,21.19047619047619,1.597752808988764,11.315864098448369
5621.txt,51,840,1277,16.470588235294116,1.5202380952380952,8.607633053221289
6300.txt,40,965,1553,24.125,1.6093264248704664,12.567551813471507
4517.txt,57,1362,2244,23.894736842105264,1.6475770925110131,12.931409691629955
13896.txt,38,771,1256,20.289473684210527,1.62905317769131,11.342827496757462
4503.txt,64,869,1268,13.578125,1.4591484464902187,6.787639168584583
11878.txt,50,955,1473,19.1,1.5424083769633508,9.86841884816754
10596.txt,40,890,1461,22.25,1.6415730337078651,12.235561797752812
12381.txt,64,867,1378,13.546875,1.5893886966551327,8.312599120530567
13935.txt,54,1014,1480,18.77777777777778,1.4595660749506902,8.768435239973702
9190.txt,45,863,1504,19.177777777777777,1.742757821552723,12.26209784987769
5999.txt,44,832,1300,18.90909090909091,1.5625,10.032954545454547
3330.txt,29,639,966,22.03448275862069,1.511737089201878,10.621601100858026
7156.txt,44,882,1267,20.045454545454547,1.4365079365079365,8.97806637806638
11663.txt,28,642,957,22.928571428571427,1.4906542056074767,10.712576769025368
12342.txt,50,590,817,11.8,1.3847457627118644,5.233999999999998
10227.txt,103,1242,1873,12.058252427184467,1.5080515297906603,6.787143973859887
7383.txt,58,406,540,7.0,1.3300492610837438,2.764581280788178
5594.txt,38,692,1116,18.210526315789473,1.6127167630057804,10.360057803468212
1094.txt,39,960,1514,24.615384615384617,1.5770833333333334,12.37342948717949
3640.txt,38,852,1323,22.42105263157895,1.5528169014084507,11.253239436619719
2576.txt,40,825,1153,20.625,1.3975757575757575,8.738893939393943
7327.txt,37,383,520,10.35135135135135,1.3577023498694516,4.364401241973045
6039.txt,48,526,751,10.958333333333334,1.4277566539923954,5.421695183776933
7441.txt,48,714,1113,14.875,1.5588235294117647,8.456617647058824
8772.txt,58,754,1117,13.0,1.4814323607427056,6.83090185676393
12866.txt,39,557,774,14.282051282051283,1.3895870736086176,6.234306955761173
10917.txt,40,408,589,10.2,1.4436274509803921,5.320803921568629
4809.txt,42,586,920,13.952380952380953,1.5699658703071673,8.237502031529338
10095.txt,42,611,926,14.547619047619047,1.5155482815057284,7.821564959862837
13013.txt,48,803,1240,16.729166666666668,1.544209215442092,8.988752075550021
7131.txt,53,419,617,7.90566037735849,1.4725536992840096,4.79028459494754
13761.txt,45,496,750,11.022222222222222,1.5120967741935485,6.441186379928315
9120.txt,36,611,929,16.97222222222222,1.5204582651391163,8.800851973086019
10532.txt,47,741,1143,15.76595744680851,1.54251012145749,8.602683262985614
4389.txt,47,748,1102,15.914893617021276,1.4732620320855614,7.842151553077709
2934.txt,34,621,926,18.264705882352942,1.4911433172302737,8.946079378611348
981.txt,59,948,1286,16.06779661016949,1.3565400843881856,6.522935707645001
10308.txt,37,815,1303,22.027027027027028,1.5987730061349694,11.645791742662912
1346.txt,76,1499,2474,19.723684210526315,1.6504336224149434,11.380116744496334
5652.txt,36,296,449,8.222222222222221,1.5168918918918919,5.433768768768768
8410.txt,55,478,710,8.690909090909091,1.4853556485355648,5.239742107265123
11002.txt,44,441,636,10.022727272727273,1.4421768707482994,5.236323438466297
12245.txt,52,710,1050,13.653846153846153,1.4788732394366197,7.0491657638136545
11758.txt,54,901,1282,16.685185185185187,1.4228634850166482,7.540159493566822
13629.txt,51,861,1405,16.88235294117647,1.6318234610917537,10.080810958529757
5861.txt,40,522,839,13.05,1.60727969348659,8.334900383141765
8606.txt,53,553,789,10.433962264150944,1.426763110307414,5.210710362004846
8612.txt,46,980,1477,21.304347826086957,1.5071428571428571,10.28993788819876
10888.txt,47,788,1165,16.76595744680851,1.4784263959390862,8.22649530186845
10136.txt,48,621,848,12.9375,1.3655394524959743,5.4396155394525
7290.txt,35,657,1065,18.771428571428572,1.6210045662100456,10.670996738421398
1193.txt,37,752,1217,20.324324324324323,1.6183510638297873,11.229785796434733
4955.txt,53,951,1299,17.943396226415093,1.3659305993690851,7.346471638592941
361.txt,34,713,1077,20.970588235294116,1.5105189340813465,10.202946951571654
14393.txt,38,776,1335,20.42105263157895,1.7203608247422681,12.470257731958768
3974.txt,50,746,1133,14.92,1.5187667560321716,8.001047721179624
14386.txt,34,644,1030,18.941176470588236,1.5993788819875776,10.480317866276948
3961.txt,61,849,1337,13.918032786885245,1.5747938751472321,8.281420185753735
12907.txt,44,602,858,13.681818181818182,1.4252491694352158,6.427031108426458
1186.txt,43,527,769,12.255813953488373,1.459203036053131,6.285805127752528
1151.txt,45,412,559,9.155555555555555,1.3567961165048543,3.8993052858683903
2458.txt,56,951,1441,16.982142857142858,1.5152471083070451,8.743130163737419
8607.txt,46,869,1229,18.891304347826086,1.4142692750287686,8.277073097513384
9914.txt,43,995,1705,23.13953488372093,1.7135678391959799,13.423123758326518
2841.txt,38,568,905,14.947368421052632,1.5933098591549295,8.891056338028168
7093.txt,28,573,825,20.464285714285715,1.4397905759162304,9.175957367240091
2672.txt,51,936,1516,18.352941176470587,1.6196581196581197,10.496083459024636
9727.txt,42,538,799,12.80952380952381,1.4851301115241635,6.802154363604178
1347.txt,38,579,925,15.236842105263158,1.5975820379965457,9.05146804835924
6428.txt,62,719,1050,11.596774193548388,1.4603616133518775,6.049041231100542
1421.txt,28,470,691,16.785714285714285,1.4702127659574469,8.1370820668693
10296.txt,47,669,1000,14.23404255319149,1.4947683109118086,7.457202238972108
7865.txt,45,341,470,7.5777777777777775,1.3782991202346042,3.5534851743238853
1596.txt,68,948,1439,13.941176470588236,1.5179324894514767,7.619250434350956
2706.txt,42,670,934,15.952380952380953,1.3940298507462687,6.921457000710735
7656.txt,62,647,875,10.435483870967742,1.3523956723338486,4.3337528045071565
7642.txt,56,592,847,10.571428571428571,1.4307432432432432,5.309913127413129
3815.txt,61,599,874,9.819672131147541,1.4590984974958263,5.358837680286818
8968.txt,51,705,1096,13.823529411764707,1.5546099290780142,8.007338339591158
4613.txt,73,1438,2306,19.698630136986303,1.6036161335187762,10.818149827576352
9337.txt,38,744,1131,19.57894736842105,1.5201612903225807,9.787903225806456
13562.txt,106,1602,2423,15.11320754716981,1.5124843945068664,8.000334723105556
9479.txt,53,979,1557,18.471698113207548,1.5903983656792646,10.195945998034194
1743.txt,47,641,1003,13.638297872340425,1.564742589703588,8.056515749991704
11407.txt,47,898,1386,19.106382978723403,1.5434298440979954,9.882897692271243
12668.txt,42,667,1015,15.880952380952381,1.5217391304347827,8.401283643892342
13206.txt,40,339,510,8.475,1.5044247787610618,5.382712389380533
13560.txt,44,416,627,9.454545454545455,1.5072115384615385,5.7878234265734285
7456.txt,50,589,823,11.78,1.397283531409168,5.374345670628184
7318.txt,44,422,569,9.590909090909092,1.3483412322274881,3.964971994829817
12871.txt,59,1210,1844,20.508474576271187,1.5239669421487603,10.186030256338423
1966.txt,37,463,687,12.513513513513514,1.4838012958963283,6.673990426711811
7126.txt,43,485,696,11.279069767441861,1.4350515463917526,5.629654759050592
3426.txt,29,450,718,15.517241379310345,1.5955555555555556,9.134107279693492
2076.txt,99,1928,2857,19.474747474747474,1.4818464730290457,9.296192422146781
8229.txt,49,508,806,10.36734693877551,1.5866141732283465,7.071639080829183
4375.txt,34,631,1033,18.558823529411764,1.6370839936608559,10.779944066374572
7697.txt,42,751,1122,17.88095238095238,1.4940079893475366,8.834056179062838
5645.txt,44,419,575,9.522727272727273,1.3723150357995226,4.221953786070731
2894.txt,36,730,1133,20.27777777777778,1.5520547945205478,10.429802130898022
9719.txt,34,589,879,17.323529411764707,1.4923599320882852,8.602788375112354
4573.txt,41,443,617,10.804878048780488,1.3927765237020315,4.950616638220559
14186.txt,59,841,1314,14.254237288135593,1.5624256837098691,8.263233237267979
6628.txt,43,504,797,11.720930232558139,1.5813492063492063,7.523874123292728
3036.txt,37,291,384,7.864864864864865,1.3195876288659794,2.9697826692672074
6600.txt,43,1025,1742,23.837209302325583,1.6995121951219512,13.522383437322748
14347.txt,33,545,795,16.515151515151516,1.4587155963302751,7.898601612454826
6614.txt,33,571,913,17.303030303030305,1.5989492119089317,9.852752215676912
4765.txt,55,802,1125,14.581818181818182,1.4027431421446384,6.50345998639764
12911.txt,53,558,718,10.528301886792454,1.2867383512544803,3.594267261784001
2499.txt,48,419,611,8.729166666666666,1.458233890214797,4.934243237867939
4942.txt,51,1290,2143,25.294117647058822,1.6612403100775195,13.624400364797086
2473.txt,57,601,889,10.543859649122806,1.4792013311148087,5.87124237382141
7279.txt,58,666,931,11.482758620689655,1.397897897897898,5.268643471057267
11558.txt,54,728,1103,13.481481481481481,1.51510989010989,7.411259666259667
4770.txt,49,609,822,12.428571428571429,1.3497536945812807,5.059950738916257
4980.txt,28,693,1109,24.75,1.6002886002886003,12.698405483405484
3037.txt,50,608,891,12.16,1.4654605263157894,6.323234210526316
11564.txt,49,1142,1776,23.306122448979593,1.5551663747810858,11.617289753029059
7523.txt,68,1320,1984,19.41176470588235,1.503030303030303,9.522228163992867
613.txt,50,654,937,13.08,1.4327217125382263,6.28651620795107
2671.txt,52,877,1421,16.865384615384617,1.6202964652223488,9.93834444346987
4200.txt,52,950,1555,18.26923076923077,1.6368421052631579,10.667044534412959
7709.txt,32,578,916,18.0625,1.5847750865051904,9.974096020761248
6417.txt,43,373,549,8.674418604651162,1.4718498659517427,5.07410748799801
10322.txt,51,972,1380,19.058823529411764,1.4197530864197532,8.40543936092956
4214.txt,53,809,1215,15.264150943396226,1.5018541409147095,7.932256221284138
1422.txt,73,870,1215,11.917808219178083,1.396551724137931,5.418077468115261
8228.txt,37,719,1210,19.43243243243243,1.682892906815021,11.652460624741572
13987.txt,53,997,1573,18.81132075471698,1.5777331995987964,10.17555364205825
6211.txt,38,344,475,9.052631578947368,1.380813953488372,4.143604651162793
5730.txt,35,320,409,9.142857142857142,1.278125,2.9661607142857136
6239.txt,43,379,507,8.813953488372093,1.3377308707124012,3.54452659998773
1230.txt,46,911,1412,19.804347826086957,1.5499451152579582,10.225004533956952
4348.txt,44,457,709,10.386363636363637,1.5514223194748358,6.663601551621245
13549.txt,65,770,1136,11.846153846153847,1.4753246753246754,6.320369630369633
6761.txt,60,930,1377,15.5,1.4806451612903226,7.771612903225808
5268.txt,56,730,1016,13.035714285714286,1.3917808219178083,5.786585127201569
4162.txt,60,633,979,10.55,1.5466034755134281,6.668921011058455
2249.txt,64,615,865,9.609375,1.4065040650406504,4.6583104674796765
3609.txt,48,626,885,13.041666666666666,1.4137380191693292,6.047941959531421
8748.txt,51,858,1279,16.823529411764707,1.4906759906759908,8.39291786644728
1750.txt,39,394,527,10.102564102564102,1.3375634517766497,4.032223089938828
13217.txt,58,756,1161,13.03448275862069,1.5357142857142858,7.484532019704435
3812.txt,34,755,1199,22.205882352941178,1.5880794701986756,11.587573042462022
9495.txt,47,683,1051,14.53191489361702,1.5387994143484627,8.08996074888633
4827.txt,45,658,930,14.622222222222222,1.4133738601823709,6.644255994596421
7679.txt,36,712,1034,19.77777777777778,1.452247191011236,9.062072409488142
10246.txt,45,399,573,8.866666666666667,1.4360902255639099,4.725197994987472
11158.txt,63,849,1258,13.476190476190476,1.4817432273262663,7.015522463402323
11170.txt,47,662,1027,14.085106382978724,1.551359516616314,8.068382721604426
978.txt,52,749,1003,14.403846153846153,1.3391188251001336,5.685063674643114
8576.txt,65,1397,2184,21.49230769230769,1.5633500357909806,11.024607345410494
1552.txt,42,954,1386,22.714285714285715,1.4528301886792452,10.184824797843667
5734.txt,51,753,1149,14.764705882352942,1.5258964143426295,8.02616592453715
5913.txt,62,766,1080,12.35483870967742,1.4099216710182767,5.741914427693086
3392.txt,39,392,532,10.051282051282051,1.3571428571428572,4.243772893772896
1340.txt,48,964,1537,20.083333333333332,1.5943983402489628,10.85556708160443
4589.txt,44,431,578,9.795454545454545,1.3410672853828307,3.956866694790129
6605.txt,38,382,559,10.052631578947368,1.463350785340314,5.497539267015707
10642.txt,36,717,1094,19.916666666666668,1.5258019525801954,9.982796373779642
14424.txt,37,700,1055,18.91891891891892,1.5071428571428571,9.383474903474905
4006.txt,31,628,992,20.258064516129032,1.5796178343949046,10.747554961988907
9522.txt,56,872,1272,15.571428571428571,1.4587155963302751,7.539986893840105
6639.txt,41,396,569,9.658536585365853,1.4368686868686869,5.035294407489527
13411.txt,45,554,786,12.311111111111112,1.4187725631768953,5.829738467709586
3027.txt,54,571,807,10.574074074074074,1.4133099824868651,5.105205941493157
2339.txt,45,404,560,8.977777777777778,1.386138613861386,4.177991199119912
7533.txt,49,896,1366,18.285714285714285,1.5245535714285714,9.34830357142857
401.txt,56,650,962,11.607142857142858,1.48,6.284714285714287
4947.txt,55,674,971,12.254545454545454,1.4406528189910979,6.0664305368222315
372.txt,57,579,775,10.157894736842104,1.3385146804835923,4.06447322970639
12901.txt,60,848,1225,14.133333333333333,1.4445754716981132,6.826657232704402
10694.txt,38,620,876,16.31578947368421,1.4129032258064516,7.282258064516128
14380.txt,47,422,564,8.97872340425532,1.3364928909952607,3.5925310073610994
10858.txt,51,824,1322,16.15686274509804,1.604368932038835,9.481161241195512
7254.txt,46,318,433,6.913043478260869,1.3616352201257862,3.1042521192234105
8167.txt,34,713,1220,20.970588235294116,1.7110799438990183,12.569566867420182
3740.txt,70,754,1128,10.771428571428572,1.4960212201591512,6.156193255020842
4761.txt,46,913,1400,19.847826086956523,1.5334063526834611,10.046368874708325
2462.txt,47,624,905,13.27659574468085,1.4503205128205128,6.568888434260774
6604.txt,56,641,1011,11.446428571428571,1.577223088923557,7.37087530644083
2853.txt,54,750,1087,13.88888888888889,1.4493333333333334,6.789911111111113
7095.txt,44,507,727,11.522727272727273,1.4339250493096647,5.7089519454904085
2884.txt,60,794,1138,13.233333333333333,1.433249370277078,6.351009235936189
8417.txt,43,933,1406,21.697674418604652,1.5069667738478028,10.437324210473843
2933.txt,38,571,844,15.026315789473685,1.478108581436077,7.561681260945711
8588.txt,52,573,820,11.01923076923077,1.431064572425829,5.4838696469324795
5047.txt,40,411,620,10.275,1.508515815085158,6.114986618004867
12444.txt,68,1355,2163,19.926470588235293,1.596309963099631,10.818516388105056
3185.txt,44,865,1352,19.65909090909091,1.563005780346821,10.323922753547034
5286.txt,41,377,551,9.195121951219512,1.4615384615384615,5.150300187617258
12685.txt,51,892,1378,17.49019607843137,1.5448430493273542,9.2854224918667
11373.txt,49,941,1521,19.20408163265306,1.616365568544102,10.780664729228569
2516.txt,44,673,1066,15.295454545454545,1.5839524517087666,8.912911657436176
4167.txt,56,485,682,8.660714285714286,1.4061855670103092,4.294061119293076
9443.txt,32,757,1192,23.65625,1.5746367239101717,11.980088342140025
14221.txt,46,502,717,10.91304347826087,1.4282868525896415,5.4107413822969015
10721.txt,46,722,1066,15.695652173913043,1.4764542936288088,7.796508490906902
5509.txt,27,552,826,20.444444444444443,1.4963768115942029,9.836135265700484
4617.txt,34,742,1242,21.823529411764707,1.673854447439353,12.454423656254956
10084.txt,31,605,938,19.516129032258064,1.550413223140496,10.121005065315916
13599.txt,51,663,1028,13.0,1.55052790346908,7.646229260935147
5290.txt,53,847,1329,15.981132075471699,1.5690672963400236,8.997824285491525
1784.txt,36,322,433,8.944444444444445,1.34472049689441,3.6765907522429266
7120.txt,58,881,1265,15.189655172413794,1.4358683314415437,7.125315276527459
13002.txt,24,497,745,20.708333333333332,1.4989939637826961,9.967295439302479
12491.txt,56,594,875,10.607142857142858,1.473063973063973,5.822869167869168
748.txt,43,400,583,9.30232558139535,1.4575,5.143383720930235
9858.txt,20,560,973,28.0,1.7375,15.552500000000002
760.txt,40,748,1149,18.7,1.536096256684492,9.641935828877006
12532.txt,50,591,885,11.82,1.49746192893401,6.571650761421321
199.txt,37,1050,1907,28.37837837837838,1.8161904761904761,16.6248314028314
2104.txt,57,812,1246,14.24561403508772,1.5344827586206897,7.930229885057475
7054.txt,60,1110,1737,18.5,1.5648648648648649,9.905405405405407
13604.txt,42,383,563,9.119047619047619,1.4699738903394255,5.2209300012433175
8401.txt,89,1400,1942,15.730337078651685,1.3871428571428572,6.7558138041733535
9086.txt,32,500,780,15.625,1.56,8.755500000000001
12283.txt,49,679,898,13.857142857142858,1.3225331369661266,5.281605301914581
14194.txt,46,700,1088,15.217391304347826,1.5542857142857143,8.533180124223602
98.txt,61,1232,1835,20.19672131147541,1.489448051948052,9.66024111134767
12730.txt,45,413,602,9.177777777777777,1.4576271186440677,5.097555555555555
4011.txt,50,903,1427,18.06,1.5802879291251384,9.920197563676634
8603.txt,42,462,696,11.0,1.5064935064935066,6.366623376623377
13406.txt,36,690,1141,19.166666666666668,1.653623188405797,11.206086956521741
11211.txt,27,264,356,9.777777777777779,1.3484848484848484,4.037676767676768
4978.txt,55,901,1367,16.381818181818183,1.5172031076581576,8.53808757945717
3965.txt,59,752,1169,12.745762711864407,1.5545212765957446,7.596740894338261
1197.txt,39,633,1063,16.23076923076923,1.679304897314376,10.393490096001944
12916.txt,49,562,832,11.46938775510204,1.480427046263345,6.237406492846251
14383.txt,41,617,958,15.048780487804878,1.5526742301458671,8.450092501087088
4979.txt,53,554,752,10.452830188679245,1.3574007220216606,4.399403991553708
11576.txt,38,844,1434,22.210526315789473,1.6990521327014219,12.89881516587678
6175.txt,45,942,1389,20.933333333333334,1.4745222929936306,9.76402972399151
9093.txt,38,781,1251,20.55263157894737,1.6017925736235596,11.121152368758008
10481.txt,33,304,434,9.212121212121213,1.4276315789473684,4.75665869218501
11953.txt,29,583,929,20.103448275862068,1.5934819897084047,10.852397823386763
1430.txt,58,661,982,11.39655172413793,1.4856278366111952,6.271098127184519
5642.txt,49,596,830,12.16326530612245,1.3926174496644295,5.464926722366801
13163.txt,46,744,1048,16.17391304347826,1.4086021505376345,7.177592332865828
8400.txt,64,1205,1693,18.828125,1.404979253112033,8.143442686721993
5124.txt,39,781,1281,20.025641025641026,1.6402048655569783,11.374161003315937
10442.txt,40,875,1395,21.875,1.5942857142857143,11.535071428571431
11990.txt,48,935,1369,19.479166666666668,1.4641711229946524,9.089302584670232
775.txt,42,405,532,9.642857142857142,1.3135802469135802,3.5745326278659597
5905.txt,51,590,860,11.568627450980392,1.4576271186440677,6.006078431372547
10287.txt,34,452,651,13.294117647058824,1.4402654867256637,6.456897449245183
1222.txt,47,589,925,12.53191489361702,1.570458404074703,7.703536827655963
3353.txt,59,874,1342,14.813559322033898,1.5354691075514875,8.157688011480435
11600.txt,43,949,1464,22.069767441860463,1.5426765015806112,11.000094346558189
7121.txt,65,778,1094,11.96923076923077,1.4061696658097687,5.551109748862963
7647.txt,54,978,1476,18.11111111111111,1.50920245398773,9.100811179277436
5050.txt,30,919,1583,30.633333333333333,1.722524483133841,16.376455567645994
2717.txt,41,745,1103,18.170731707317074,1.4805369127516779,8.785213619250289
8979.txt,40,878,1401,21.95,1.5956719817767653,11.579929384965833
563.txt,32,633,1045,19.78125,1.65086887835703,11.407127764612955
6940.txt,52,993,1512,19.096153846153847,1.5226586102719033,9.63391006274692
7486.txt,44,699,1153,15.886363636363637,1.6494992846924177,9.910909741188714
7451.txt,45,1029,1518,22.866666666666667,1.4752186588921283,10.50691350826045
7445.txt,55,693,1027,12.6,1.481962481962482,6.685157287157288
8010.txt,37,906,1447,24.486486486486488,1.5971302428256071,12.561001730207028
1008.txt,42,724,1028,17.238095238095237,1.419889502762431,7.715172323072874
10046.txt,70,788,1171,11.257142857142858,1.486040609137056,6.222993473531545
4170.txt,44,972,1482,22.09090909090909,1.5246913580246915,10.795903479236816
11427.txt,51,570,880,11.176470588235293,1.543859649122807,6.874602683178534
7460.txt,60,992,1478,16.533333333333335,1.4899193548387097,8.273715053763443
3174.txt,52,1047,1510,20.134615384615383,1.4422158548233046,9.079300933068843
8009.txt,45,502,705,11.155555555555555,1.404382470119522,5.220824258521471
11382.txt,61,745,1020,12.21311475409836,1.3691275167785235,5.206688304543956
1788.txt,61,696,1028,11.40983606557377,1.4770114942528736,6.17447333710194
1950.txt,42,692,1066,16.476190476190474,1.5404624277456647,8.848409028351224
6959.txt,46,368,501,8.0,1.361413043478261,3.514673913043481
13754.txt,45,425,551,9.444444444444445,1.296470588235294,3.29724183006536
5713.txt,42,526,744,12.523809523809524,1.414448669201521,5.859541915625567
1575.txt,43,858,1305,19.953488372093023,1.520979020979021,9.939878028947799
8223.txt,53,712,1020,13.433962264150944,1.4325842696629214,6.4194000423998325
13998.txt,48,862,1353,17.958333333333332,1.5696055684454757,9.755512374323281
793.txt,39,391,614,10.025641025641026,1.5703324808184143,6.749666863400879
2726.txt,47,796,1289,16.93617021276596,1.6193467336683418,9.9540361381375
9101.txt,44,550,713,12.5,1.2963636363636364,4.457090909090912
6554.txt,47,958,1510,20.382978723404257,1.5762004175365345,10.754696841824728
11180.txt,45,866,1463,19.244444444444444,1.6893764434180139,11.657530921221454
2097.txt,51,1248,1806,24.470588235294116,1.4471153846153846,10.784785067873305
4579.txt,45,406,567,9.022222222222222,1.396551724137931,4.317754789272033
8357.txt,68,791,1185,11.632352941176471,1.4981036662452591,6.507917379341119
7064.txt,47,859,1222,18.27659574468085,1.4225844004656578,8.141602308473484
5115.txt,50,661,973,13.22,1.4720121028744326,6.803342813918309
7702.txt,52,863,1453,16.596153846153847,1.6836616454229432,10.583745877529193
10473.txt,52,530,790,10.192307692307692,1.490566037735849,5.871756168359941
5.txt,46,406,583,8.826086956521738,1.435960591133005,4.708248018847719
10301.txt,33,720,1177,21.818181818181817,1.6347222222222222,11.990631313131313
13813.txt,52,874,1314,16.807692307692307,1.5034324942791761,8.537426509417354
1617.txt,53,702,1087,13.245283018867925,1.5484330484330484,7.714717518679784
8155.txt,52,623,919,11.98076923076923,1.4751203852327448,6.369112853438697
2322.txt,46,773,1083,16.804347826086957,1.4010349288486417,7.327864334327018
432.txt,53,653,975,12.320754716981131,1.4931087289433385,6.710569793984224
6839.txt,52,922,1513,17.73076923076923,1.640997830802603,10.511466711163024
11591.txt,46,850,1386,18.47826086956522,1.6305882352941177,10.672680306905374
2445.txt,27,441,677,16.333333333333332,1.5351473922902494,8.731405895691612
4752.txt,59,845,1325,14.322033898305085,1.5680473372781065,8.35533146123759
9262.txt,49,777,1269,15.857142857142858,1.6332046332046333,9.707528957528961
4746.txt,38,829,1247,21.81578947368421,1.5042219541616406,10.449819059107359
12701.txt,55,631,921,11.472727272727273,1.4595879556259905,5.992774240023056
14199.txt,90,1795,2528,19.944444444444443,1.4083565459610028,8.607496131228725
11793.txt,66,879,1402,13.318181818181818,1.594994311717861,8.291841969179856
8381.txt,28,615,1027,21.964285714285715,1.6699186991869919,12.461469221835078
4550.txt,48,623,943,12.979166666666666,1.5136436597110754,7.203078517924023
10314.txt,55,975,1583,17.727272727272727,1.6235897435897435,10.30472261072261
10472.txt,37,950,1592,25.675675675675677,1.6757894736842105,13.941072546230444
779.txt,43,528,772,12.279069767441861,1.4621212121212122,6.329076814658212
11803.txt,48,940,1387,19.583333333333332,1.475531914893617,9.262943262411348
13782.txt,55,1149,1789,20.89090909090909,1.557006092254134,10.721217343144236
10274.txt,56,873,1300,15.589285714285714,1.4891179839633448,7.905520782196042
976.txt,42,383,538,9.119047619047619,1.4046997389033942,4.450695014298148
5048.txt,43,823,1372,19.13953488372093,1.6670716889428918,11.35446918534008
4430.txt,57,1269,1987,22.263157894736842,1.565799842395587,11.346438140267928
13741.txt,46,821,1315,17.847826086956523,1.6017052375152254,10.09229571572314
9128.txt,54,586,813,10.851851851851851,1.3873720136518772,4.904693464795855
5712.txt,39,662,943,16.974358974358974,1.4244712990936557,7.66901773956155
209.txt,49,816,1222,16.653061224489797,1.4975490196078431,8.409241696678674
12852.txt,36,706,1089,19.61111111111111,1.5424929178470255,10.063638652817122
9316.txt,38,609,872,16.026315789473685,1.431855500821018,7.395894909688014
5262.txt,31,543,758,17.516129032258064,1.3959484346224678,7.538320560803186
12885.txt,56,654,1049,11.678571428571429,1.6039755351681957,7.774768457841855
1010.txt,42,890,1291,21.19047619047619,1.450561797752809,9.579010165864101
8022.txt,20,439,658,21.95,1.498861047835991,10.43756036446469
1012.txt,32,264,344,8.25,1.303030303030303,2.9207575757575768
13555.txt,40,339,476,8.475,1.4041297935103245,4.199231563421833
8036.txt,41,886,1411,21.609756097560975,1.59255079006772,11.413806639872266
3639.txt,31,852,1346,27.483870967741936,1.57981220657277,13.495655005300623
7339.txt,33,723,1192,21.90909090909091,1.648686030428769,12.189949704514024
9499.txt,53,743,1084,14.018867924528301,1.458950201884253,6.952782193554942
12844.txt,38,663,1047,17.44736842105263,1.579185520361991,9.674389140271494
6796.txt,48,418,655,8.708333333333334,1.5669856459330143,6.209597288676235
3413.txt,48,501,764,10.4375,1.5249500998003993,6.370661177644713
13025.txt,54,555,777,10.277777777777779,1.4,4.835555555555555
974.txt,36,830,1255,23.055555555555557,1.5120481927710843,11.013279785809903
14010.txt,34,644,1066,18.941176470588236,1.65527950310559,11.139945195469494
2057.txt,33,630,1009,19.09090909090909,1.6015873015873017,10.563275613275614
6231.txt,43,328,492,7.627906976744186,1.5,5.008604651162795
12307.txt,46,563,907,12.23913043478261,1.61101243339254,8.070816279249364
6594.txt,51,1034,1666,20.274509803921568,1.6112185686653773,11.126692835741647
6580.txt,53,594,792,11.20754716981132,1.3333333333333333,4.402201257861638
3567.txt,48,856,1298,17.833333333333332,1.516355140186916,9.079657320872276
13637.txt,60,810,1120,13.5,1.382716049382716,5.856049382716048
9738.txt,53,886,1269,16.71698113207547,1.4322799097065462,7.6633557647259245
6423.txt,57,1073,1515,18.82456140350877,1.4119291705498602,8.224097545821685
2137.txt,60,598,802,9.966666666666667,1.3411371237458194,4.022751393534005
14170.txt,71,812,1191,11.43661971830986,1.4667487684729064,6.063550960938045
12501.txt,35,684,1125,19.542857142857144,1.644736842105263,11.244180451127821
2862.txt,72,1351,2138,18.76388888888889,1.5825314581791265,10.214148984291473
8397.txt,48,652,983,13.583333333333334,1.5076687116564418,7.362157464212682
12298.txt,52,956,1465,18.384615384615383,1.532426778242678,9.478789829417448
13804.txt,47,683,1060,14.53191489361702,1.5519765739385065,8.245451232048847
10882.txt,45,646,908,14.355555555555556,1.4055727554179567,6.450869625043001
3003.txt,33,666,1113,20.181818181818183,1.6711711711711712,11.79891072891073
1614.txt,53,574,840,10.830188679245284,1.4634146341463414,5.793764381040038
8156.txt,52,822,1258,15.807692307692308,1.5304136253041363,8.475803855511884
7503.txt,55,861,1340,15.654545454545454,1.556329849012776,8.72341949107803
10128.txt,38,673,1133,17.710526315789473,1.6835066864784547,11.005378900445766
13347.txt,53,570,804,10.754716981132075,1.4105263157894736,5.141002979145977
6147.txt,64,1305,1956,20.390625,1.4988505747126437,9.844874281609197
14414.txt,50,798,1268,15.96,1.5889724310776943,9.224674686716792
6812.txt,58,658,937,11.344827586206897,1.4240121580547112,5.524377947804215
13384.txt,54,961,1540,17.796296296296298,1.6024973985431843,10.08206189540217
1826.txt,48,767,1128,15.979166666666666,1.470664928292047,7.835929487179488
12925.txt,49,893,1338,18.224489795918366,1.498320268756999,9.01548529378157
8180.txt,48,732,1109,15.25,1.5150273224043715,8.082322404371585
11592.txt,55,534,762,9.709090909090909,1.4269662921348314,4.937656792645555
10115.txt,50,1137,1808,22.74,1.5901495162708883,11.814964291996485
9275.txt,44,972,1521,22.09090909090909,1.5648148148148149,11.26936026936027
13346.txt,39,572,903,14.666666666666666,1.5786713286713288,8.611655011655014
1601.txt,53,953,1431,17.9811320754717,1.5015739769150052,8.961403116276308
14429.txt,42,974,1405,23.19047619047619,1.442505133470226,10.243941527329618
381.txt,33,555,779,16.818181818181817,1.4036036036036037,7.363431613431615
11960.txt,35,680,1148,19.428571428571427,1.688235294117647,11.714033613445377
140.txt,64,1297,1952,20.265625,1.505011565150347,9.870073968774097
4547.txt,48,795,1373,16.5625,1.7270440251572328,11.082869496855349
13971.txt,51,1014,1661,19.88235294117647,1.6380670611439843,11.294485439146072
6581.txt,52,718,1028,13.807692307692308,1.4317548746518105,6.5516305978144445
975.txt,53,819,1211,15.452830188679245,1.4786324786324787,7.729938719561364
7338.txt,44,904,1525,20.545454545454547,1.6869469026548674,12.123246178600166
8779.txt,45,958,1548,21.288888888888888,1.615866388308977,11.567001159823707
4619.txt,50,894,1399,17.88,1.5648769574944073,9.669948098434006
8033.txt,54,871,1262,16.12962962962963,1.4489092996555684,7.636388995194967
9488.txt,52,757,1079,14.557692307692308,1.4253632760898283,6.761209734783055
2052.txt,25,436,697,17.44,1.598623853211009,9.90096146788991
9107.txt,52,692,902,13.307692307692308,1.3034682080924855,4.847847932414407
7894.txt,28,658,1039,23.5,1.5790273556231003,11.972522796352585
9113.txt,31,656,1158,21.161290322580644,1.7652439024390243,13.28116837136113
6208.txt,61,661,940,10.836065573770492,1.4220877458396368,5.308340318940505
8225.txt,41,672,1102,16.390243902439025,1.6398809523809523,9.988887921022066
5715.txt,41,307,437,7.487804878048781,1.4234527687296417,4.052108524668309
5926.txt,61,626,1000,10.262295081967213,1.597444089456869,7.159512386738598
5649.txt,55,588,816,10.690909090909091,1.3877551020408163,4.848055658627086
4557.txt,57,670,1004,11.75438596491228,1.498507462686567,6.5590547263681565
10313.txt,53,841,1364,15.867924528301886,1.6218787158145065,9.577980167365894
13626.txt,24,558,940,23.25,1.6845878136200716,13.123136200716846
8423.txt,52,566,796,10.884615384615385,1.4063604240282686,5.141206849687414
13140.txt,20,254,391,12.7,1.5393700787401574,7.400566929133859
13815.txt,41,658,1029,16.048780487804876,1.5638297872340425,8.961728074727557
5339.txt,62,1309,2019,21.112903225806452,1.5423987776928954,10.633208802582619
5311.txt,45,514,777,11.422222222222222,1.5116731517509727,6.588187635105925
385.txt,41,567,793,13.829268292682928,1.398589065255732,6.16847292123715
5305.txt,62,920,1394,14.838709677419354,1.5152173913043478,7.928274894810659
1188.txt,45,504,725,11.2,1.4384920634920635,5.640206349206352
3952.txt,56,650,970,11.607142857142858,1.4923076923076923,6.429945054945055
1837.txt,37,709,1173,19.16216216216216,1.6544428772919606,11.214047573666758
7275.txt,56,832,1181,14.857142857142858,1.4194711538461537,6.805473901098903
9264.txt,70,1520,2303,21.714285714285715,1.5151315789473685,10.539981203007521
5338.txt,50,655,910,13.1,1.3893129770992367,5.781893129770996
10110.txt,52,950,1490,18.26923076923077,1.568421052631579,9.859676113360326
12075.txt,53,835,1367,15.754716981132075,1.637125748502994,9.71487628516552
8387.txt,58,896,1382,15.448275862068966,1.5424107142857142,8.480791256157634
2866.txt,88,1234,1883,14.022727272727273,1.5259319286871962,7.744633122145281
4218.txt,50,764,1011,15.28,1.3232984293193717,5.831321465968589
7711.txt,55,704,1159,12.8,1.6463068181818181,8.700420454545455
6369.txt,42,393,614,9.357142857142858,1.5623409669211197,6.4013376953835
13974.txt,50,635,960,12.7,1.5118110236220472,7.0753700787401606
1599.txt,63,640,901,10.158730158730158,1.4078125,4.882504960317462
11622.txt,49,645,945,13.16326530612245,1.4651162790697674,6.700412909349787
3371.txt,48,1064,1788,22.166666666666668,1.6804511278195489,12.662656641604013
794.txt,47,770,1280,16.382978723404257,1.6623376623376624,10.251116330478037
10266.txt,60,920,1388,15.333333333333334,1.508695652173913,8.039275362318843
2053.txt,33,356,511,10.787878787878787,1.4353932584269662,5.44703438883214
233.txt,31,249,334,8.03225806451613,1.3413654618473896,3.2903705143153275
3826.txt,26,592,978,22.76923076923077,1.652027027027027,12.55622661122661
569.txt,53,550,841,10.377358490566039,1.529090909090909,6.396668953687826
1002.txt,50,680,1072,13.6,1.576470588235294,8.18035294117647
9338.txt,76,1516,2423,19.94736842105263,1.5982849604221636,10.84976253298153
11434.txt,44,348,440,7.909090909090909,1.264367816091954,2.3349947753396023
5502.txt,48,932,1521,19.416666666666668,1.6319742489270386,11.045629470672392
10064.txt,52,982,1592,18.884615384615383,1.6211812627291242,10.71609274635751
4152.txt,21,443,652,21.095238095238095,1.471783295711061,9.793233365580999
4146.txt,41,980,1595,23.902439024390244,1.6275510204081634,12.69802887008462
11408.txt,58,623,860,10.741379310344827,1.3804173354735152,4.780648696518515
1028.txt,51,1476,2180,28.941176470588236,1.4769647696476964,12.83583134066635
5528.txt,43,419,565,9.744186046511627,1.3484486873508352,4.024485208414276
6753.txt,54,966,1492,17.88888888888889,1.544513457556936,9.433036576949622
7303.txt,25,735,1168,29.4,1.5891156462585034,14.33356462585034
6784.txt,48,662,964,13.791666666666666,1.4561933534743203,6.833914904330317
12856.txt,42,311,426,7.404761904761905,1.369774919614148,3.387153575256473
10933.txt,41,387,591,9.439024390243903,1.5271317829457365,6.016984307052375
2045.txt,35,671,1150,19.17142857142857,1.713859910581222,11.918689802001278
7883.txt,66,1294,2050,19.606060606060606,1.5842349304482226,10.554275209592056
8554.txt,61,794,1089,13.01639344262295,1.371536523929471,5.540360490564478
1216.txt,43,436,591,10.13953488372093,1.3555045871559632,4.257977384254321
7115.txt,54,1487,2377,27.537037037037038,1.5985205110961669,13.736616105008846
2131.txt,48,603,861,12.5625,1.427860696517413,6.032506218905475
3549.txt,55,796,1192,14.472727272727273,1.4974874371859297,7.579988122430333
5845.txt,42,829,1223,19.738095238095237,1.4752714113389627,9.318678844275954
13194.txt,57,849,1420,14.894736842105264,1.6725559481743226,9.80616018845701
13369.txt,58,723,1038,12.46551724137931,1.4356846473029046,6.087975389898414
2327.txt,38,608,914,16.0,1.5032894736842106,8.228815789473689
10106.txt,52,956,1573,18.384615384615383,1.645397489539749,10.811844222722886
2441.txt,53,731,1067,13.79245283018868,1.4596443228454172,6.874935085047621
5460.txt,47,350,420,7.446808510638298,1.2,1.3997872340425523
7505.txt,47,898,1428,19.106382978723403,1.5902004454342984,10.434790788039617
437.txt,52,909,1421,17.48076923076923,1.5632563256325633,9.499116950156555
10853.txt,49,729,1084,14.877551020408163,1.4869684499314129,7.6096970969457765
351.txt,33,290,400,8.787878787878787,1.3793103448275863,4.0252560083594595
378.txt,42,751,1202,17.88095238095238,1.600532623169108,10.09104685815738
10649.txt,48,461,655,9.604166666666666,1.420824295010846,4.825310014461316
10891.txt,44,512,746,11.636363636363637,1.45703125,6.024786931818184
7276.txt,54,684,945,12.666666666666666,1.381578947368421,5.525964912280703
6140.txt,46,668,1016,14.521739130434783,1.5209580838323353,7.875566258786776
4031.txt,33,684,1010,20.727272727272727,1.476608187134503,9.710340244550771
12062.txt,57,855,1330,15.0,1.5555555555555556,8.465555555555557
2332.txt,51,957,1543,18.764705882352942,1.612330198537095,10.566084578031838
2859.txt,36,538,831,14.944444444444445,1.5446096654275092,8.3152829409335
4582.txt,58,1152,1674,19.862068965517242,1.453125,9.104461206896556
6418.txt,27,438,675,16.22222222222222,1.5410958904109588,8.759375951293762
8353.txt,30,895,1387,29.833333333333332,1.5497206703910615,14.033370577281193
7074.txt,32,411,570,12.84375,1.3868613138686132,5.655588503649636
3212.txt,54,871,1274,16.12962962962963,1.462686567164179,7.798960751796574
11806.txt,43,888,1383,20.651162790697676,1.5574324324324325,10.63514456316782
797.txt,45,635,917,14.11111111111111,1.4440944881889763,6.812537182852143
7672.txt,44,788,1254,17.90909090909091,1.5913705583756346,9.993627134287035
5717.txt,50,511,778,10.22,1.522504892367906,6.259157729941293
3400.txt,25,563,862,22.52,1.5310834813499112,11.034385079928956
783.txt,43,506,695,11.767441860465116,1.3735177865612649,5.089137788399672
7666.txt,114,1904,2836,16.70175438596491,1.4894957983193278,8.332717086834737
2736.txt,112,1212,1679,10.821428571428571,1.3853135313531353,4.868842527109855
1559.txt,61,667,899,10.934426229508198,1.3478260869565217,4.469429793300073
11609.txt,23,432,647,18.782608695652176,1.4976851851851851,9.22007648953301
13591.txt,55,912,1308,16.581818181818182,1.4342105263157894,7.634775119617224
1954.txt,38,768,1213,20.210526315789473,1.5794270833333333,10.727239583333333
3616.txt,48,770,1140,16.041666666666668,1.4805194805194806,7.9759632034632055
6752.txt,60,650,946,10.833333333333334,1.4553846153846153,5.700205128205127
14567.txt,41,947,1558,23.097560975609756,1.64519535374868,12.600378344966135
11322.txt,50,817,1241,16.34,1.5189718482252141,8.543067809057526
11444.txt,25,497,857,19.88,1.7243460764587526,12.311683702213283
9374.txt,56,926,1388,16.535714285714285,1.4989200863930885,8.380828448009872
10766.txt,40,448,652,11.2,1.4553571428571428,5.839214285714288
519.txt,47,388,547,8.25531914893617,1.4097938144329898,4.182588286905027
1099.txt,63,825,1259,13.095238095238095,1.5260606060606061,7.393705627705632
1270.txt,53,946,1635,17.849056603773583,1.7283298097251585,11.586933264190833
8526.txt,46,964,1587,20.956521739130434,1.646265560165975,11.79941187082807
3473.txt,46,480,750,10.434782608695652,1.5625,6.81271739130435
6245.txt,66,1444,2295,21.87878787878788,1.5893351800554016,11.478094518593135
12367.txt,53,753,1179,14.20754716981132,1.5657370517928286,8.284565135683682
8283.txt,43,419,587,9.744186046511627,1.4009546539379476,4.644055614142204
13086.txt,49,902,1414,18.408163265306122,1.5676274944567627,9.90310647540613
11849.txt,45,683,1018,15.177777777777777,1.4904831625183017,7.765256873271515
11861.txt,50,641,990,12.82,1.5444617784711387,7.506248985959438
13904.txt,49,694,1057,14.16326530612245,1.5230547550432276,7.764086925836619
5638.txt,25,213,288,8.52,1.352112676056338,3.6025295774647894
2157.txt,38,708,1146,18.63157894736842,1.61864406779661,10.59
20.txt,47,927,1471,19.72340425531915,1.586839266450917,10.629596961142099
135.txt,30,755,1274,25.166666666666668,1.6874172185430463,13.88485651214128
5189.txt,51,652,982,12.784313725490197,1.5061349693251533,7.040431853723085
5406.txt,50,928,1480,18.56,1.5948275862068966,10.281765517241379
14448.txt,37,310,481,8.378378378378379,1.5516129032258064,5.9028160418483
8136.txt,37,398,516,10.756756756756756,1.2964824120603016,3.7960600298791256
8888.txt,60,656,1018,10.933333333333334,1.5518292682926829,6.876252032520327
2355.txt,54,617,942,11.425925925925926,1.526742301458671,6.767411009064173
6899.txt,52,605,793,11.634615384615385,1.3107438016528925,4.297930705657979
6682.txt,41,351,433,8.560975609756097,1.2336182336182335,2.219865888402474
1852.txt,49,955,1479,19.489795918367346,1.5486910994764398,10.090677422801583
1846.txt,36,620,903,17.22222222222222,1.456451612903226,8.14057347670251
10808.txt,42,819,1264,19.5,1.5433455433455434,10.031477411477415
322.txt,26,580,879,22.307692307692307,1.5155172413793103,10.77002652519894
8692.txt,55,699,1029,12.709090909090909,1.4721030042918455,6.610269996098324
3738.txt,41,931,1573,22.70731707317073,1.6895810955961332,12.975837415839251
6640.txt,49,978,1565,19.959183673469386,1.600204498977505,10.876902883852932
12762.txt,49,413,648,8.428571428571429,1.569007263922518,6.127142857142861
10175.txt,48,824,1349,17.166666666666668,1.6371359223300972,10.251537216828481
12574.txt,42,711,1089,16.928571428571427,1.5316455696202531,8.916274864376131
9003.txt,50,566,785,11.32,1.3869257950530036,5.077324381625445
7748.txt,40,481,711,12.025,1.478170478170478,6.421911642411644
6456.txt,88,1445,2349,16.420454545454547,1.62560553633218,9.83191805599245
7760.txt,57,898,1421,15.75438596491228,1.5824053452115814,9.069049740163326
12548.txt,50,898,1368,17.96,1.5233853006681515,9.210746547884188
1311.txt,56,964,1382,17.214285714285715,1.433609958506224,7.868026081802018
1477.txt,43,1121,1943,26.069767441860463,1.7332738626226583,14.769143206854345
13642.txt,37,834,1305,22.54054054054054,1.564748201438849,11.439434182383824
13905.txt,45,857,1379,19.044444444444444,1.6091015169194867,10.634286788538834
7199.txt,46,1092,1696,23.73913043478261,1.5531135531135531,11.757609491957322
2787.txt,46,609,865,13.23913043478261,1.4203612479474548,6.201132290997361
10571.txt,40,391,508,9.775,1.29923273657289,3.4554462915601043
9163.txt,40,499,678,12.475,1.3587174348697395,5.183365731462928
8269.txt,44,689,1044,15.659090909090908,1.5152394775036284,8.240280379997362
4453.txt,22,559,891,25.40909090909091,1.5939177101967799,12.87368352577655
7614.txt,34,786,1317,23.11764705882353,1.6755725190839694,12.966461607543781
5765.txt,41,809,1225,19.73170731707317,1.5142150803461063,9.775786728571862
8080.txt,40,341,460,8.525,1.348973607038123,3.567388563049853
6913.txt,49,588,823,12.0,1.3996598639455782,5.485986394557823
242.txt,55,377,495,6.8545454545454545,1.312997347480106,2.5080959729925247
4123.txt,34,637,974,18.735294117647058,1.5290423861852434,9.572111921691754
9407.txt,44,761,1043,17.295454545454547,1.3705650459921157,7.154940269979697
3880.txt,62,702,1051,11.32258064516129,1.497150997150997,6.3789624115430605
12158.txt,48,795,1256,16.5625,1.579874213836478,9.346265723270442
13536.txt,53,640,876,12.075471698113208,1.36875,5.1499292452830225
3666.txt,44,348,493,7.909090909090909,1.4166666666666667,4.132121212121213
13278.txt,37,310,410,8.378378378378379,1.3225806451612903,3.2002353966870096
9363.txt,45,736,1073,16.355555555555554,1.4578804347826086,7.828100241545894
12172.txt,51,1041,1542,20.41176470588235,1.4812680115273775,9.64543312425835
10956.txt,44,1119,1812,25.431818181818183,1.6193029490616622,13.181865708018524
12199.txt,85,1719,2507,20.223529411764705,1.4584060500290867,9.304132566813813
2593.txt,51,578,830,11.333333333333334,1.4359861591695502,5.66130334486736
3855.txt,55,614,889,11.163636363636364,1.4478827361563518,5.737198104826771
8243.txt,46,566,755,12.304347826086957,1.3339222614840989,4.825934859425413
7170.txt,52,1259,2046,24.21153846153846,1.625099285146942,12.78655618011853
7602.txt,41,1036,1491,25.26829268292683,1.4391891891891893,10.994383651944634
3302.txt,51,475,636,9.313725490196079,1.3389473684210527,3.748794633642934
6534.txt,45,660,943,14.666666666666666,1.4287878787878787,6.843030303030304
12416.txt,43,633,988,14.720930232558139,1.5608214849921012,8.421647011278889
11679.txt,37,286,368,7.72972972972973,1.2867132867132867,2.530514080514081
14098.txt,44,376,503,8.545454545454545,1.3377659574468086,3.4429110251450687
5968.txt,54,767,1089,14.203703703703704,1.4198174706649282,6.561253561253562
8294.txt,41,673,1001,16.414634146341463,1.487369985141159,8.198526800275435
5175.txt,37,629,903,17.0,1.4356120826709062,7.810222575516697
9983.txt,51,598,795,11.72549019607843,1.3294314381270902,4.552977244409469
10407.txt,60,790,1285,13.166666666666666,1.6265822784810127,8.607004219409284
2626.txt,49,1009,1527,20.591836734693878,1.5133795837462833,10.092777047389816
5149.txt,50,626,930,12.52,1.4856230031948883,6.6979514376996825
863.txt,62,1026,1598,16.548387096774192,1.557504873294347,9.07694460164749
5808.txt,39,660,990,16.923076923076923,1.5,8.540769230769232
11094.txt,52,712,952,13.692307692307692,1.3370786516853932,5.3906050129645635
5834.txt,47,808,1267,17.19148936170213,1.568069306930693,9.445983779228989
11241.txt,45,604,838,13.422222222222222,1.3874172185430464,5.881967623252393
1677.txt,42,937,1612,22.30952380952381,1.720384204909285,13.18815266554861
10639.txt,41,331,444,8.073170731707316,1.3413897280966767,3.3062036695895642
7212.txt,47,507,726,10.787234042553191,1.4319526627218935,5.406190356288558
1105.txt,55,649,904,11.8,1.3929121725731894,5.330363636363639
14477.txt,40,376,510,9.4,1.3563829787234043,3.9873191489361695
12006.txt,45,891,1521,19.8,1.707070707070707,12.077434343434344
5439.txt,49,907,1460,18.510204081632654,1.609702315325248,10.438364871858337
14311.txt,45,416,548,9.244444444444444,1.3173076923076923,3.4671196581196604
308.txt,54,678,938,12.555555555555555,1.3834808259587021,5.506184857423797
8860.txt,51,629,997,12.333333333333334,1.5850556438791732,7.800323264440912
6694.txt,36,601,893,16.694444444444443,1.48585690515807,8.287000369754114
8875.txt,58,807,1237,13.913793103448276,1.5328376703841389,7.784725889843184
4097.txt,37,911,1467,24.62162162162162,1.6103183315038418,12.76797252796155
4915.txt,61,1110,1699,18.19672131147541,1.5306306306306305,9.386195539802099
1886.txt,48,450,673,9.375,1.4955555555555555,5.620055555555556
11240.txt,42,859,1270,20.452380952380953,1.4784633294528522,9.627772049448417
2182.txt,47,316,430,6.723404255319149,1.360759493670886,3.02185564233773
11095.txt,56,601,787,10.732142857142858,1.3094841930116472,3.9401277632517235
2633.txt,55,753,1154,13.690909090909091,1.5325365205843293,7.6964763974405415
8478.txt,34,755,1159,22.205882352941178,1.5350993377483444,10.962407479548116
12211.txt,37,327,458,8.837837837837839,1.400611620795107,4.295595503760641
7039.txt,43,789,1246,18.348837209302324,1.579214195183777,10.017285642703452
12577.txt,57,794,1364,13.929824561403509,1.7178841309823678,9.974366078925275
3539.txt,47,465,610,9.893617021276595,1.3118279569892473,3.6491443605582248
9982.txt,49,901,1277,18.387755102040817,1.4173140954495005,8.121653265079615
5160.txt,58,686,932,11.827586206896552,1.358600583090379,4.935969639087158
11863.txt,50,510,745,10.2,1.4607843137254901,5.523254901960787
6290.txt,51,939,1393,18.41176470588235,1.483493077742279,8.911688905594186
5969.txt,37,337,473,9.108108108108109,1.403560830860534,4.433098885235385
10599.txt,57,938,1385,16.45614035087719,1.476545842217484,8.086574271499646
5014.txt,60,671,956,11.183333333333334,1.4247391952309985,5.471589170392448
8929.txt,41,379,551,9.24390243902439,1.4538258575197889,5.077828045562779
10957.txt,50,783,1273,15.66,1.6257982120051087,9.545218901660284
4134.txt,19,625,1072,32.89473684210526,1.7152,17.149359999999998
5570.txt,40,328,441,8.2,1.3445121951219512,3.391243902439026
11320.txt,39,792,1224,20.307692307692307,1.5454545454545454,10.363286713286715
5202.txt,41,781,1239,19.048780487804876,1.586427656850192,10.36838293619812
1702.txt,47,421,597,8.957446808510639,1.4180522565320666,4.5468464143124265
1048.txt,50,927,1442,18.54,1.5555555555555556,9.810755555555556
14260.txt,52,905,1526,17.403846153846153,1.6861878453038674,10.920478113047178
6727.txt,50,671,996,13.42,1.4843517138599105,7.024950223546945
4656.txt,55,631,963,11.472727272727273,1.526148969889065,6.778194208327331
8044.txt,42,756,1164,18.0,1.5396825396825398,9.418253968253971
8722.txt,49,863,1225,17.612244897959183,1.4194669756662803,7.8523633740866
8736.txt,46,894,1369,19.434782608695652,1.5313199105145414,9.864792335375938
2596.txt,41,439,653,10.707317073170731,1.4874715261958997,6.030944496916494
537.txt,52,753,1222,14.48076923076923,1.6228419654714474,9.06222750025539
5038.txt,50,724,1129,14.48,1.5593922651933703,8.313228729281771
8508.txt,51,554,803,10.862745098039216,1.4494584837545126,5.641453245558154
5762.txt,40,710,1099,17.75,1.547887323943662,9.420070422535211
11898.txt,40,718,1125,17.95,1.5668523676880224,9.719857938718665
7607.txt,59,711,1106,12.05084745762712,1.5555555555555556,7.344877589453862
6280.txt,50,772,1100,15.44,1.4248704663212435,7.0906715025906735
11867.txt,38,499,759,13.131578947368421,1.5210420841683367,7.348296593186372
9825.txt,55,692,969,12.581818181818182,1.4002890173410405,5.714501313715189
8285.txt,26,505,793,19.423076923076923,1.5702970297029704,10.320274181264285
26.txt,49,722,986,14.73469387755102,1.365650969529086,6.123865113912601
12573.txt,51,656,961,12.862745098039216,1.4649390243902438,6.584123625059778
3515.txt,33,1002,1551,30.363636363636363,1.5479041916167664,14.213451279259665
5825.txt,58,1043,1515,17.982758620689655,1.4525407478427612,8.383429100406651
2192.txt,51,794,1163,15.568627450980392,1.464735516372796,7.609957524571545
11085.txt,46,904,1502,19.652173913043477,1.6615044247787611,11.483578299345904
8483.txt,50,912,1448,18.24,1.587719298245614,10.076287719298247
655.txt,51,963,1516,18.88235294117647,1.5742471443406023,10.161410420866169
2347.txt,55,667,970,12.127272727272727,1.4542728635682158,6.178783426468588
13309.txt,36,373,547,10.36111111111111,1.4664879356568365,5.651779862972894
9212.txt,68,1022,1503,15.029411764705882,1.4706457925636007,7.4747968228387265
1896.txt,46,523,776,11.369565217391305,1.4837476099426385,6.238656579931831
8642.txt,45,408,572,9.066666666666666,1.4019607843137254,4.398470588235295
14328.txt,50,956,1569,19.12,1.641213389121339,11.041917991631799
3717.txt,56,596,864,10.642857142857142,1.4496644295302012,5.560325982742089
10628.txt,31,521,846,16.806451612903224,1.6238003838771593,9.957296142653707
1666.txt,57,594,930,10.421052631578947,1.5656565656565657,6.844747474747479
10827.txt,44,768,1059,17.454545454545453,1.37890625,7.313821022727275
14499.txt,39,743,1170,19.05128205128205,1.5746971736204576,10.230913828208582
331.txt,41,870,1406,21.21951219512195,1.6160919540229886,11.543299691617605
8694.txt,45,621,884,13.8,1.423510466988728,6.4514235104669915
1854.txt,51,644,978,12.627450980392156,1.5186335403726707,7.128307148946533
6685.txt,46,895,1298,19.456521739130434,1.4502793296089385,8.91677435025504
7564.txt,29,574,944,19.79310344827586,1.6445993031358885,11.337651087348313
9207.txt,39,479,700,12.282051282051283,1.4613778705636744,6.321438359830847
9213.txt,47,888,1484,18.893617021276597,1.6711711711711712,11.30939428790493
3514.txt,48,425,615,8.854166666666666,1.4470588235294117,4.84987745098039
12200.txt,47,843,1239,17.93617021276596,1.4697508896797153,8.568805179071706
10417.txt,57,585,829,10.263157894736842,1.4170940170940172,5.031709401709403
4253.txt,46,381,546,8.282608695652174,1.4330708661417322,4.467627524820269
14088.txt,55,603,863,10.963636363636363,1.4311774461028193,5.464075682195087
13917.txt,47,643,980,13.680851063829786,1.5241057542768273,7.593171304721881
13730.txt,43,412,567,9.581395348837209,1.3762135922330097,4.290250620907656
11133.txt,48,781,1144,16.270833333333332,1.4647887323943662,7.87742370892019
8521.txt,57,825,1299,14.473684210526315,1.5745454545454545,8.489636363636365
1505.txt,49,733,1100,14.959183673469388,1.500682128240109,7.802538909151654
8509.txt,50,789,1124,15.78,1.4245880861850444,7.216539416983526
9603.txt,30,600,968,20.0,1.6133333333333333,11.04733333333333
11669.txt,63,659,1029,10.46031746031746,1.5614567526555387,6.810110316255994
7148.txt,43,354,454,8.232558139534884,1.2824858757062148,2.671705426356592
6097.txt,61,1077,1619,17.65573770491803,1.5032497678737233,8.85752758877879
3689.txt,46,814,1184,17.695652173913043,1.4545454545454546,8.29798418972332
1075.txt,38,756,1022,19.894736842105264,1.3518518518518519,7.9218518518518515
10991.txt,47,759,1120,16.148936170212767,1.4756258234519104,7.958980461413393
14261.txt,58,843,1356,14.53448275862069,1.6085409252669038,8.913886366425327
12604.txt,59,861,1306,14.59322033898305,1.5168408826945412,7.854146144609146
9401.txt,48,865,1393,18.020833333333332,1.6104046242774566,10.260691233140655
14505.txt,55,674,947,12.254545454545454,1.4050445103857567,5.646252495279203
8709.txt,40,627,982,15.675,1.5661881977671452,8.847520733652313
3890.txt,39,706,1069,18.102564102564102,1.5141643059490084,9.15611316917266
11441.txt,35,582,952,16.62857142857143,1.6357388316151202,10.030575355915566
3847.txt,44,512,765,11.636363636363637,1.494140625,6.462677556818182
8090.txt,45,788,1253,17.511111111111113,1.5901015228426396,9.827420191765373
12821.txt,52,728,1046,14.0,1.4368131868131868,6.684395604395604
4331.txt,50,605,860,12.1,1.421487603305785,5.781553719008265
13068.txt,42,899,1359,21.404761904761905,1.5116796440489433,10.381629323587052
12376.txt,46,730,1083,15.869565217391305,1.4835616438356165,7.94646217986897
7604.txt,49,884,1270,18.040816326530614,1.4366515837104072,8.21799889186444
3476.txt,43,779,1277,18.11627906976744,1.6392811296534018,10.637703376421769
13901.txt,45,764,1191,16.977777777777778,1.5589005235602094,9.256581733566026
9198.txt,53,677,1058,12.773584905660377,1.5627769571639587,7.704730358685659
13108.txt,44,713,1099,16.204545454545453,1.541374474053296,8.755946066556167
14101.txt,44,802,1155,18.227272727272727,1.440149625935162,8.33012922239855
12570.txt,55,828,1299,15.054545454545455,1.568840579710145,8.643046113306987
8480.txt,54,1164,1895,21.555555555555557,1.6280068728522337,11.811592210767472
6136.txt,39,618,1000,15.846153846153847,1.6181229773462784,9.52538959422455
9205.txt,46,418,585,9.08695652173913,1.3995215311004785,4.377397545246517
3072.txt,43,563,866,13.093023255813954,1.5381882770870337,7.5359705068363
11253.txt,15,438,731,29.2,1.6689497716894977,15.199607305936073
5371.txt,60,643,965,10.716666666666667,1.500777604976672,6.191509072058061
1117.txt,36,319,459,8.86111111111111,1.438871473354232,4.755905607802159
1671.txt,45,851,1292,18.91111111111111,1.518213866039953,9.511145841493668
3066.txt,58,1168,1993,20.137931034482758,1.706335616438356,12.197174067076052
3933.txt,56,671,933,11.982142857142858,1.3904619970193741,5.370665850542903
4906.txt,43,392,553,9.116279069767442,1.4107142857142858,4.5206146179402005
455.txt,48,651,878,13.5625,1.348694316436252,5.478342933947776
12940.txt,50,716,1011,14.32,1.4120111731843576,6.513331843575422
8867.txt,54,770,1114,14.25925925925926,1.4467532467532467,6.90020683020683
11534.txt,49,753,1070,15.36734693877551,1.4209827357237717,7.0171881182752
3715.txt,42,770,1267,18.333333333333332,1.6454545454545455,10.793030303030303
4052.txt,54,818,1306,15.148148148148149,1.5965770171149145,9.005905098252288
9562.txt,46,749,1030,16.282608695652176,1.3751668891855808,6.82436059673768
14316.txt,39,745,1205,19.102564102564102,1.6174496644295302,10.754880399242818
6889.txt,57,1387,2225,24.333333333333332,1.6041816870944485,12.58601057438116
12767.txt,66,876,1258,13.272727272727273,1.4360730593607305,6.399298464092983
3729.txt,49,607,922,12.387755102040817,1.5189456342668863,7.040905423124773
2812.txt,57,718,1027,12.596491228070175,1.4303621169916434,6.074939647168058
9947.txt,30,387,582,12.9,1.503875968992248,7.057736434108531
2184.txt,56,1136,1636,20.285714285714285,1.4401408450704225,9.112233400402413
2190.txt,50,621,888,12.42,1.429951690821256,6.00302995169082
7765.txt,30,658,1059,21.933333333333334,1.6094224924012157,11.735852077001013
9984.txt,47,782,1152,16.638297872340427,1.473145780051151,8.115673396092944
1300.txt,50,832,1242,16.64,1.4927884615384615,8.348103846153847
5600.txt,19,503,799,26.473684210526315,1.588469184890656,13.21393638170974
864.txt,65,1083,1680,16.661538461538463,1.551246537396122,9.046093756658859
6447.txt,37,696,1086,18.81081081081081,1.5603448275862069,9.97017707362535
6453.txt,40,742,1041,18.55,1.4029649595687332,8.013986522911054
11695.txt,46,588,823,12.782608695652174,1.3996598639455782,5.78337769890565
8244.txt,44,830,1184,18.863636363636363,1.4265060240963856,8.41095290251917
1506.txt,58,1146,1808,19.75862068965517,1.5776614310645725,10.534680748630922
10548.txt,116,2274,3729,19.603448275862068,1.6398416886543536,11.209442270948959
4318.txt,55,608,872,11.054545454545455,1.4342105263157894,5.534411483253589
5006.txt,32,686,1150,21.4375,1.6763848396501457,12.33759110787172
11124.txt,28,720,1130,25.714285714285715,1.5694444444444444,12.700873015873018
1248.txt,36,700,1073,19.444444444444443,1.532857142857143,9.886603174603177
6527.txt,44,861,1273,19.568181818181817,1.4785133565621371,9.29236669834231
13069.txt,41,733,1102,17.878048780487806,1.5034106412005457,8.943904102751805
10789.txt,47,947,1483,20.148936170212767,1.5659978880675818,10.545370823878319
11497.txt,37,662,1022,17.89189189189189,1.5438066465256797,9.425837347921938
3852.txt,45,434,594,9.644444444444444,1.368663594470046,4.225119303635434
4683.txt,44,1032,1694,23.454545454545453,1.6414728682170543,12.692107117688511
4697.txt,62,604,914,9.741935483870968,1.5132450331125828,5.9682268745994485
2580.txt,51,882,1203,17.294117647058822,1.3639455782312926,7.076322529011605
8913.txt,50,693,1003,13.86,1.4473304473304474,6.75529927849928
13525.txt,60,632,982,10.533333333333333,1.5537974683544304,6.747476793248946
290.txt,37,301,393,8.135135135135135,1.3056478405315615,2.907995869623779
8046.txt,43,690,1023,16.046511627906977,1.482608695652174,8.002457027300306
284.txt,58,967,1415,16.67241379310345,1.4632885211995863,8.01232179153443
4126.txt,52,588,789,11.307692307692308,1.3418367346938775,4.540596546310834
12175.txt,48,845,1375,17.604166666666668,1.6272189349112427,10.300766765286
